"ChEMBL ID"	"Name"	"UniProt Accessions"	"Type"	"Organism"	"Compounds"	"Activities"	"Tax ID"	"Species Group Flag"
"CHEMBL3883311"	"Voltage-gated potassium channel KCNQ3/KCNQ5"	"O43525|Q9NR82"	"PROTEIN COMPLEX"	"Homo sapiens"	"36"	"37"	"9606"	"False"
"CHEMBL5558"	"Voltage-gated T-type calcium channel alpha-1I subunit"	"Q9P0X4"	"SINGLE PROTEIN"	"Homo sapiens"	"360"	"426"	"9606"	"False"
"CHEMBL4296057"	"Gamma-aminobutyric acid receptor subunit alpha-5/beta-3"	"P28472|P31644"	"PROTEIN COMPLEX"	"Homo sapiens"	"1"	"1"	"9606"	"False"
"CHEMBL2109230"	"Neuronal acetylcholine receptor; alpha2/beta4"	"P30926|Q15822"	"PROTEIN COMPLEX"	"Homo sapiens"	"33"	"47"	"9606"	"False"
"CHEMBL4523613"	"KCNMA1/KCNMB4"	"Q12791|Q86W47"	"PROTEIN COMPLEX"	"Homo sapiens"	"7"	"8"	"9606"	"False"
"CHEMBL2473"	"Presenilin 1"	"P49768"	"SINGLE PROTEIN"	"Homo sapiens"	"138"	"302"	"9606"	"False"
"CHEMBL5112"	"GABA receptor alpha-5 subunit"	"P31644"	"SINGLE PROTEIN"	"Homo sapiens"	"622"	"700"	"9606"	"False"
"CHEMBL2472"	"GABA receptor alpha-4 subunit"	"P48169"	"SINGLE PROTEIN"	"Homo sapiens"	"14"	"15"	"9606"	"False"
"CHEMBL2111413"	"GABA A receptor alpha-2/beta-2/gamma-2"	"P47870|P18507|P47869"	"PROTEIN COMPLEX"	"Homo sapiens"	"135"	"194"	"9606"	"False"
"CHEMBL4523461"	"Potassium channel subfamily K member 13"	"Q9HB14"	"SINGLE PROTEIN"	"Homo sapiens"	"1"	"1"	"9606"	"False"
"CHEMBL3805"	"Voltage-gated L-type calcium channel alpha-1S subunit"	"Q13698"	"SINGLE PROTEIN"	"Homo sapiens"	"44"	"47"	"9606"	"False"
"CHEMBL4403"	"Ryanodine receptor 2"	"Q92736"	"SINGLE PROTEIN"	"Homo sapiens"	"68"	"84"	"9606"	"False"
"CHEMBL1250411"	"Short transient receptor potential channel 5"	"Q9UL62"	"SINGLE PROTEIN"	"Homo sapiens"	"236"	"306"	"9606"	"False"
"CHEMBL4804182"	"Neuronal acetylcholine receptor"	"P17787|P30926|P32297|P43681|Q15822|Q9UGM1|Q15825|P30532|P36544|Q9GZZ6|Q05901"	"PROTEIN COMPLEX GROUP"	"Homo sapiens"	"3"	"5"	"9606"	"False"
"CHEMBL3885516"	"Apoptosis regulator Bcl-2/Bcl-2 homologous antagonist/killer"	"P10415|Q16611"	"PROTEIN-PROTEIN INTERACTION"	"Homo sapiens"	"28"	"28"	"9606"	"False"
"CHEMBL3137283"	"Bcl-xL/BAK"	"Q07817|Q16611"	"PROTEIN-PROTEIN INTERACTION"	"Homo sapiens"	"68"	"77"	"9606"	"False"
"CHEMBL3883288"	"Bcl-xL/Bcl-2-binding component 3"	"Q07817|Q9BXH1"	"PROTEIN-PROTEIN INTERACTION"	"Homo sapiens"	"27"	"27"	"9606"	"False"
"CHEMBL4523624"	"Fibroblast growth factor 14/SCN8A"	"Q9UQD0|Q92915"	"PROTEIN-PROTEIN INTERACTION"	"Homo sapiens"	"8"	"21"	"9606"	"False"
"CHEMBL1628483"	"Amiloride-sensitive sodium channel subunit beta"	"P51168"	"SINGLE PROTEIN"	"Homo sapiens"	"6"	"6"	"9606"	"False"
"CHEMBL3011"	"Acetylcholine receptor protein delta chain"	"Q07001"	"SINGLE PROTEIN"	"Homo sapiens"	"7"	"14"	"9606"	"False"
"CHEMBL4523669"	"SCN5A/SCN1B"	"Q14524|Q07699"	"PROTEIN COMPLEX"	"Homo sapiens"	"6"	"6"	"9606"	"False"
"CHEMBL4296045"	"Gamma-aminobutyric acid receptor subunit beta-1/beta-2"	"P47870|P18505"	"PROTEIN COMPLEX"	"Homo sapiens"	"14"	"14"	"9606"	"False"
"CHEMBL1914278"	"G protein-activated inward rectifier potassium channel 4"	"P48544"	"SINGLE PROTEIN"	"Homo sapiens"	"1"	"1"	"9606"	"False"
"CHEMBL4523640"	"Gamma-aminobutyric acid receptor subunit alpha-4/beta-2/gamma-2"	"P47870|P18507|P48169"	"PROTEIN COMPLEX"	"Homo sapiens"	"16"	"58"	"9606"	"False"
"CHEMBL2097170"	"Voltage-gated N-type calcium channel alpha-1B subunit/Amyloid beta A4 precursor protein-binding family A member 1"	"Q00975|Q02410"	"PROTEIN-PROTEIN INTERACTION"	"Homo sapiens"	"451"	"925"	"9606"	"False"
"CHEMBL4524132"	"Calcium-activated potassium channel"	"Q92952|Q9UGI6|Q12791|O15554|Q9H2S1|A8MYU2"	"PROTEIN FAMILY"	"Homo sapiens"	"7"	"7"	"9606"	"False"
"CHEMBL1904"	"Glutamate [NMDA] receptor subunit epsilon 2"	"Q13224"	"SINGLE PROTEIN"	"Homo sapiens"	"334"	"507"	"9606"	"False"
"CHEMBL2309"	"Voltage-gated potassium channel subunit Kv1.1"	"Q09470"	"SINGLE PROTEIN"	"Homo sapiens"	"205"	"249"	"9606"	"False"
"CHEMBL2369"	"Small conductance calcium-activated potassium channel protein 1"	"Q92952"	"SINGLE PROTEIN"	"Homo sapiens"	"25"	"28"	"9606"	"False"
"CHEMBL4105767"	"Anoctamin-2"	"Q9NQ90"	"SINGLE PROTEIN"	"Homo sapiens"	"39"	"52"	"9606"	"False"
"CHEMBL1791"	"Amiloride-sensitive sodium channel alpha-subunit"	"P37088"	"SINGLE PROTEIN"	"Homo sapiens"	"47"	"48"	"9606"	"False"
"CHEMBL3381"	"Small conductance calcium-activated potassium channel protein 3"	"Q9UGI6"	"SINGLE PROTEIN"	"Homo sapiens"	"84"	"152"	"9606"	"False"
"CHEMBL1628470"	"Transient receptor potential cation channel subfamily M member 6"	"Q9BX84"	"SINGLE PROTEIN"	"Homo sapiens"	"222"	"229"	"9606"	"False"
"CHEMBL4748224"	"VHL/Apoptosis regulator Bcl-2"	"P10415|P40337"	"PROTEIN-PROTEIN INTERACTION"	"Homo sapiens"	"32"	"39"	"9606"	"False"
"CHEMBL2579"	"GABA receptor alpha-6 subunit"	"Q16445"	"SINGLE PROTEIN"	"Homo sapiens"	"23"	"26"	"9606"	"False"
"CHEMBL3885578"	"Gamma-aminobutyric acid receptor subunit alpha-6/beta-3"	"P28472|Q16445"	"PROTEIN COMPLEX"	"Homo sapiens"	"3"	"3"	"9606"	"False"
"CHEMBL3841"	"Voltage-gated potassium channel subunit Kv10.1"	"O95259"	"SINGLE PROTEIN"	"Homo sapiens"	"11"	"11"	"9606"	"False"
"CHEMBL2109233"	"Neuronal acetylcholine receptor; alpha3/alpha6/beta2/beta3"	"P17787|P32297|Q15825|Q05901"	"PROTEIN COMPLEX"	"Homo sapiens"	"38"	"91"	"9606"	"False"
"CHEMBL2094130"	"GABA-A receptor; alpha-2/beta-3/gamma-2"	"P18507|P28472|P47869"	"PROTEIN COMPLEX"	"Homo sapiens"	"624"	"949"	"9606"	"False"
"CHEMBL2111366"	"GABA A receptor alpha-4/beta-3/gamma-2"	"P18507|P28472|P48169"	"PROTEIN COMPLEX"	"Homo sapiens"	"90"	"109"	"9606"	"False"
"CHEMBL1795173"	"Potassium/sodium hyperpolarization-activated cyclic nucleotide-gated channel 3"	"Q9P1Z3"	"SINGLE PROTEIN"	"Homo sapiens"	"2"	"2"	"9606"	"False"
"CHEMBL4630760"	"Sodium channel protein type 1 subunit alpha/beta-1/beta-2"	"P35498|O60939|Q07699"	"PROTEIN COMPLEX"	"Homo sapiens"	"41"	"42"	"9606"	"False"
"CHEMBL3988638"	"Voltage-dependent L-type calcium channel alpha1C/alpha2delta/beta1b"	"P54289|Q13936|Q02641"	"PROTEIN COMPLEX"	"Homo sapiens"	"52"	"64"	"9606"	"False"
"CHEMBL1940"	"Voltage-gated L-type calcium channel alpha-1C subunit"	"Q13936"	"SINGLE PROTEIN"	"Homo sapiens"	"639"	"823"	"9606"	"False"
"CHEMBL1628468"	"Transient receptor potential cation channel subfamily M member 5"	"Q9NZQ8"	"SINGLE PROTEIN"	"Homo sapiens"	"182"	"264"	"9606"	"False"
"CHEMBL3885574"	"Gamma-aminobutyric acid receptor subunit alpha-3/beta-3"	"P28472|P34903"	"PROTEIN COMPLEX"	"Homo sapiens"	"2"	"2"	"9606"	"False"
"CHEMBL2015"	"Glutamate (NMDA) receptor subunit zeta 1"	"Q05586"	"SINGLE PROTEIN"	"Homo sapiens"	"83"	"126"	"9606"	"False"
"CHEMBL3430901"	"Voltage-dependent N-type calcium channel subunit alpha-1B/Voltage-dependent calcium channel subunit alpha-2/delta-1/Voltage-dependent L-type calcium channel subunit beta-3"	"P54289|Q00975|P54284"	"PROTEIN COMPLEX"	"Homo sapiens"	"1"	"2"	"9606"	"False"
"CHEMBL5871"	"Glycine receptor subunit alpha-2"	"P23416"	"SINGLE PROTEIN"	"Homo sapiens"	"38"	"49"	"9606"	"False"
"CHEMBL3714486"	"Potassium channel subfamily K member 4"	"Q9NYG8"	"SINGLE PROTEIN"	"Homo sapiens"	"10"	"18"	"9606"	"False"
"CHEMBL1886"	"Potassium channel, inwardly rectifying, subfamily J, member 11"	"Q14654"	"SINGLE PROTEIN"	"Homo sapiens"	"113"	"113"	"9606"	"False"
"CHEMBL2095172"	"GABA-A receptor; alpha-1/beta-2/gamma-2"	"P14867|P47870|P18507"	"PROTEIN COMPLEX"	"Homo sapiens"	"675"	"1171"	"9606"	"False"
"CHEMBL3683"	"Glutamate receptor ionotropic kainate 2"	"Q13002"	"SINGLE PROTEIN"	"Homo sapiens"	"209"	"370"	"9606"	"False"
"CHEMBL2146347"	"Inward rectifier potassium channel 4"	"P48050"	"SINGLE PROTEIN"	"Homo sapiens"	"7"	"7"	"9606"	"False"
"CHEMBL4296091"	"5-hydroxytryptamine receptor 3A/3C"	"P46098|Q8WXA8"	"PROTEIN COMPLEX"	"Homo sapiens"	"1"	"1"	"9606"	"False"
"CHEMBL1918"	"Glutamate receptor ionotropic kainate 1"	"P39086"	"SINGLE PROTEIN"	"Homo sapiens"	"277"	"341"	"9606"	"False"
"CHEMBL4046"	"Inositol 1,4,5-trisphosphate receptor type 1"	"Q14643"	"SINGLE PROTEIN"	"Homo sapiens"	"9"	"23"	"9606"	"False"
"CHEMBL1847"	"GABA receptor beta-3 subunit"	"P28472"	"SINGLE PROTEIN"	"Homo sapiens"	"22"	"28"	"9606"	"False"
"CHEMBL5051"	"Transient receptor potential cation channel subfamily V member 2"	"Q9Y5S1"	"SINGLE PROTEIN"	"Homo sapiens"	"13"	"25"	"9606"	"False"
"CHEMBL4523641"	"Gamma-aminobutyric acid receptor subunit alpha-5/beta-2/gamma-2"	"P47870|P18507|P31644"	"PROTEIN COMPLEX"	"Homo sapiens"	"44"	"82"	"9606"	"False"
"CHEMBL1250412"	"Transient receptor potential cation channel subfamily M member 7"	"Q96QT4"	"SINGLE PROTEIN"	"Homo sapiens"	"24"	"25"	"9606"	"False"
"CHEMBL5529"	"Voltage-gated potassium channel subunit Kv3.1"	"P48547"	"SINGLE PROTEIN"	"Homo sapiens"	"8"	"8"	"9606"	"False"
"CHEMBL3883286"	"Bcl-xL/BAX"	"Q07817|Q07812"	"PROTEIN-PROTEIN INTERACTION"	"Homo sapiens"	"4"	"4"	"9606"	"False"
"CHEMBL4105799"	"Short transient receptor potential channel 7"	"Q9HCX4"	"SINGLE PROTEIN"	"Homo sapiens"	"8"	"12"	"9606"	"False"
"CHEMBL1845"	"Sodium channel protein type I alpha subunit"	"P35498"	"SINGLE PROTEIN"	"Homo sapiens"	"209"	"485"	"9606"	"False"
"CHEMBL2111384"	"Nicotinic acetylcholine receptor alpha3/betaX"	"P11230|P17787|P30926|P32297|Q05901"	"PROTEIN COMPLEX GROUP"	"Homo sapiens"	"42"	"45"	"9606"	"False"
"CHEMBL2111370"	"GABA A receptor alpha-6/beta-2/gamma-2"	"P47870|P18507|Q16445"	"PROTEIN COMPLEX"	"Homo sapiens"	"23"	"27"	"9606"	"False"
"CHEMBL3038489"	"Kir3.1/Kir3.2"	"P48549|P48051"	"PROTEIN COMPLEX"	"Homo sapiens"	"222"	"445"	"9606"	"False"
"CHEMBL2111435"	"Annexin A2/S100-A10"	"P07355|P60903"	"PROTEIN-PROTEIN INTERACTION"	"Homo sapiens"	"92"	"201"	"9606"	"False"
"CHEMBL4523672"	"SCN2A/SCN1B"	"Q99250|Q07699"	"PROTEIN COMPLEX"	"Homo sapiens"	"5"	"5"	"9606"	"False"
"CHEMBL2109244"	"GABA-A receptor; agonist GABA site"	"P14867|P47870|P28472|P48169|P34903|P18505|P47869|P31644|Q16445"	"PROTEIN COMPLEX GROUP"	"Homo sapiens"	"97"	"140"	"9606"	"False"
"CHEMBL3595"	"Glutamate receptor ionotropic, AMPA 3"	"P42263"	"SINGLE PROTEIN"	"Homo sapiens"	"73"	"127"	"9606"	"False"
"CHEMBL1293292"	"ATP-sensitive inward rectifier potassium channel 1"	"P48048"	"SINGLE PROTEIN"	"Homo sapiens"	"653"	"862"	"9606"	"False"
"CHEMBL3904"	"Inositol 1,4,5-trisphosphate receptor type 3"	"Q14573"	"SINGLE PROTEIN"	"Homo sapiens"	"10"	"10"	"9606"	"False"
"CHEMBL4641"	"Voltage-gated T-type calcium channel alpha-1G subunit"	"O43497"	"SINGLE PROTEIN"	"Homo sapiens"	"968"	"1368"	"9606"	"False"
"CHEMBL1907597"	"GABA-A receptor; GABA-A site (alpha1/beta2 interface)"	"P14867|P47870"	"PROTEIN COMPLEX"	"Homo sapiens"	"47"	"116"	"9606"	"False"
"CHEMBL2146348"	"ATP-sensitive inward rectifier potassium channel 10"	"P78508"	"SINGLE PROTEIN"	"Homo sapiens"	"10"	"10"	"9606"	"False"
"CHEMBL2675"	"Glutamate receptor ionotropic kainate 5"	"Q16478"	"SINGLE PROTEIN"	"Homo sapiens"	"40"	"45"	"9606"	"False"
"CHEMBL4808"	"Acetylcholine receptor protein alpha chain"	"P02708"	"SINGLE PROTEIN"	"Homo sapiens"	"91"	"115"	"9606"	"False"
"CHEMBL4305"	"Intermediate conductance calcium-activated potassium channel protein 4"	"O15554"	"SINGLE PROTEIN"	"Homo sapiens"	"82"	"89"	"9606"	"False"
"CHEMBL2221346"	"Neuronal acetylcholine receptors; alpha-3/beta-4, alpha-5, beta-2"	"P17787|P30926|P32297|P30532"	"PROTEIN COMPLEX GROUP"	"Homo sapiens"	"15"	"45"	"9606"	"False"
"CHEMBL3190"	"Glutamate receptor ionotropic, AMPA 4"	"P48058"	"SINGLE PROTEIN"	"Homo sapiens"	"154"	"256"	"9606"	"False"
"CHEMBL2221347"	"Voltage-gated potassium channel, IKs; KCNQ1(Kv7.1)/KCNE1(MinK)"	"P51787|P15382"	"PROTEIN COMPLEX"	"Homo sapiens"	"150"	"187"	"9606"	"False"
"CHEMBL4296046"	"Gamma-aminobutyric acid receptor subunit alpha-4/beta-2/delta"	"P47870|P48169|O14764"	"PROTEIN COMPLEX"	"Homo sapiens"	"1"	"1"	"9606"	"False"
"CHEMBL2362996"	"Voltage-gated potassium channel"	"P51787|Q9UK17|Q12809|P16389|Q09470|O43526|O43525|Q96RP8|Q9NR82|P56696|O95259|P22459|P22460|P22001|P17658|P48547|Q9NZV8|Q92953|Q03721|Q14003|Q14721|Q16322|Q6PIU1|Q8NCM2|Q8TAE7|Q8TDN1|Q8TDN2|Q96KK3|Q96L42|Q96PR1|Q9BQ31|Q9H252|Q9H3M0|Q9NS40|Q9NSA2|Q9UIX4|Q9UJ96|Q9ULD8|Q9ULS6|Q9UQ05"	"PROTEIN FAMILY"	"Homo sapiens"	"25"	"25"	"9606"	"False"
"CHEMBL2684"	"Voltage-gated potassium channel subunit Kv7.3"	"O43525"	"SINGLE PROTEIN"	"Homo sapiens"	"17"	"20"	"9606"	"False"
"CHEMBL3885515"	"Apoptosis regulator BAX/Induced myeloid leukemia cell differentiation protein Mcl-1"	"Q07820|Q07812"	"PROTEIN-PROTEIN INTERACTION"	"Homo sapiens"	"4"	"7"	"9606"	"False"
"CHEMBL1962"	"GABA receptor alpha-1 subunit"	"P14867"	"SINGLE PROTEIN"	"Homo sapiens"	"297"	"411"	"9606"	"False"
"CHEMBL2046267"	"Anoctamin-1"	"Q5XXA6"	"SINGLE PROTEIN"	"Homo sapiens"	"187"	"237"	"9606"	"False"
"CHEMBL3026"	"GABA receptor alpha-3 subunit"	"P34903"	"SINGLE PROTEIN"	"Homo sapiens"	"133"	"189"	"9606"	"False"
"CHEMBL2094124"	"Glutamate [NMDA] receptor"	"Q05586|Q12879|Q13224|O15399|O60391|Q14957|Q8TCU5"	"PROTEIN COMPLEX GROUP"	"Homo sapiens"	"671"	"939"	"9606"	"False"
"CHEMBL4106188"	"Melanin-concentrating hormone receptor 2/HERG"	"Q12809|Q969V1"	"SELECTIVITY GROUP"	"Homo sapiens"	"14"	"14"	"9606"	"False"
"CHEMBL4630763"	"Sodium channel protein type 5 subunit alpha/beta-1/beta-2"	"Q14524|O60939|Q07699"	"PROTEIN COMPLEX"	"Homo sapiens"	"41"	"42"	"9606"	"False"
"CHEMBL3038488"	"Kir3.1/Kir3.4"	"P48549|P48544"	"PROTEIN COMPLEX"	"Homo sapiens"	"310"	"583"	"9606"	"False"
"CHEMBL2111392"	"GABA A receptor alpha-1/beta-1/gamma-2"	"P14867|P18507|P18505"	"PROTEIN COMPLEX"	"Homo sapiens"	"38"	"83"	"9606"	"False"
"CHEMBL4523639"	"Gamma-aminobutyric acid receptor subunit alpha-4/beta-1/delta"	"P48169|O14764|P18505"	"PROTEIN COMPLEX"	"Homo sapiens"	"20"	"32"	"9606"	"False"
"CHEMBL1846"	"Ryanodine receptor 1"	"P21817"	"SINGLE PROTEIN"	"Homo sapiens"	"36"	"56"	"9606"	"False"
"CHEMBL2095152"	"Sulfonylurea receptors; K-ATP channels"	"Q14654|O60706|Q09428|Q15842"	"PROTEIN COMPLEX GROUP"	"Homo sapiens"	"325"	"596"	"9606"	"False"
"CHEMBL4296110"	"GRIA1/CACNG8"	"P42261|Q8WXS5"	"PROTEIN COMPLEX"	"Homo sapiens"	"20"	"21"	"9606"	"False"
"CHEMBL5291949"	"Gamma-aminobutyric acid receptor subunit alpha-2/beta-1/gamma-2"	"P18507|P18505|P47869"	"PROTEIN COMPLEX"	"Homo sapiens"	"2"	"2"	"9606"	"False"
"CHEMBL4524043"	"Mucolipin-1"	"Q9GZU1"	"SINGLE PROTEIN"	"Homo sapiens"	"19"	"56"	"9606"	"False"
"CHEMBL2417348"	"Short transient receptor potential channel 3"	"Q13507"	"SINGLE PROTEIN"	"Homo sapiens"	"57"	"71"	"9606"	"False"
"CHEMBL1075092"	"Glycine receptor subunit alpha-3"	"O75311"	"SINGLE PROTEIN"	"Homo sapiens"	"22"	"44"	"9606"	"False"
"CHEMBL3038504"	"Ionotropic glutamate receptor NMDA 1/2C"	"Q05586|Q14957"	"PROTEIN COMPLEX"	"Homo sapiens"	"13"	"19"	"9606"	"False"
"CHEMBL3779756"	"Pannexin-1"	"Q96RD7"	"SINGLE PROTEIN"	"Homo sapiens"	"6"	"8"	"9606"	"False"
"CHEMBL1907588"	"Acetylcholine receptor; alpha1/beta1/delta/gamma"	"P02708|P07510|P11230|Q07001"	"PROTEIN COMPLEX"	"Homo sapiens"	"301"	"501"	"9606"	"False"
"CHEMBL4469"	"Small conductance calcium-activated potassium channel protein 2"	"Q9H2S1"	"SINGLE PROTEIN"	"Homo sapiens"	"28"	"31"	"9606"	"False"
"CHEMBL3038459"	"Nicotinic acetylcholine receptor alpha2/beta4"	"P02708|P30926"	"PROTEIN COMPLEX"	"Homo sapiens"	"19"	"22"	"9606"	"False"
"CHEMBL5169265"	"BCL2/BID"	"P10415|P55957"	"PROTEIN-PROTEIN INTERACTION"	"Homo sapiens"	"18"	"18"	"9606"	"False"
"CHEMBL3885513"	"Apoptosis regulator BAX/Bcl-2"	"P10415|Q07812"	"PROTEIN-PROTEIN INTERACTION"	"Homo sapiens"	"1"	"1"	"9606"	"False"
"CHEMBL4296075"	"Glycine receptor subunit alpha-2/beta"	"P23416|P48167"	"PROTEIN COMPLEX"	"Homo sapiens"	"1"	"1"	"9606"	"False"
"CHEMBL3883291"	"Glutamate receptor AMPA 2/3"	"P42263|P42262"	"PROTEIN COMPLEX"	"Homo sapiens"	"6"	"11"	"9606"	"False"
"CHEMBL2417347"	"Short transient receptor potential channel 6"	"Q9Y210"	"SINGLE PROTEIN"	"Homo sapiens"	"65"	"69"	"9606"	"False"
"CHEMBL2096972"	"Sulfonylurea receptor 1, Kir6.2"	"Q14654|Q09428"	"PROTEIN COMPLEX"	"Homo sapiens"	"139"	"325"	"9606"	"False"
"CHEMBL3430890"	"Voltage-gated potassium channel subunit Kv7.1/Misshapen-like kinase 1"	"P51787|Q8N4C8"	"PROTEIN COMPLEX"	"Homo sapiens"	"7"	"9"	"9606"	"False"
"CHEMBL2094122"	"GABA-A receptor; alpha-5/beta-3/gamma-2"	"P18507|P28472|P31644"	"PROTEIN COMPLEX"	"Homo sapiens"	"799"	"1334"	"9606"	"False"
"CHEMBL5465395"	"Integrin alpha4/beta7 complex"	"P48169|P26010"	"PROTEIN COMPLEX"	"Homo sapiens"	"10"	"18"	"9606"	"False"
"CHEMBL4888445"	"Neuronal acetylcholine receptor subunit alpha-6/alpha-3"	"P32297|Q15825"	"PROTEIN COMPLEX"	"Homo sapiens"	"3"	"3"	"9606"	"False"
"CHEMBL3038480"	"Ionotropic glutamate receptor kainate 2/5"	"Q16478|Q13002"	"PROTEIN COMPLEX"	"Homo sapiens"	"2"	"2"	"9606"	"False"
"CHEMBL2363001"	"Potassium voltage-gated channel subfamily A member 10"	"Q16322"	"SINGLE PROTEIN"	"Homo sapiens"	"1"	"1"	"9606"	"False"
"CHEMBL4787"	"Glutamate [NMDA] receptor subunit 3A"	"Q8TCU5"	"SINGLE PROTEIN"	"Homo sapiens"	"19"	"19"	"9606"	"False"
"CHEMBL3831281"	"P2X2/P2X3 heterotrimeric receptor"	"Q9UBL9|P56373"	"PROTEIN COMPLEX"	"Homo sapiens"	"510"	"633"	"9606"	"False"
"CHEMBL2364708"	"Calcium-activated chloride channel"	"Q9Y6N3|A8K7I4|Q9UQC9|Q14CN2"	"PROTEIN FAMILY"	"Homo sapiens"	"1"	"1"	"9606"	"False"
"CHEMBL3038490"	"Kir3.2/Kir3.3"	"P48051|Q92806"	"PROTEIN COMPLEX"	"Homo sapiens"	"14"	"15"	"9606"	"False"
"CHEMBL5169267"	"BCL2L1/BAD"	"Q92934|Q07817"	"PROTEIN-PROTEIN INTERACTION"	"Homo sapiens"	"18"	"18"	"9606"	"False"
"CHEMBL1907591"	"Neuronal acetylcholine receptor; alpha4/beta4"	"P30926|P43681"	"PROTEIN COMPLEX"	"Homo sapiens"	"151"	"276"	"9606"	"False"
"CHEMBL4523668"	"SCN1A/SCN1B"	"P35498|Q07699"	"PROTEIN COMPLEX"	"Homo sapiens"	"7"	"7"	"9606"	"False"
"CHEMBL4296087"	"5-hydroxytryptamine receptor 3A/3E"	"P46098|A5X5Y0"	"PROTEIN COMPLEX"	"Homo sapiens"	"1"	"1"	"9606"	"False"
"CHEMBL3885575"	"Gamma-aminobutyric acid receptor subunit alpha-3/beta-3/theta"	"P28472|Q9UN88|P34903"	"PROTEIN COMPLEX"	"Homo sapiens"	"1"	"1"	"9606"	"False"
"CHEMBL3585"	"Sodium channel protein type VII alpha subunit"	"Q01118"	"SINGLE PROTEIN"	"Homo sapiens"	"96"	"154"	"9606"	"False"
"CHEMBL3885598"	"Kv channel-interacting protein 2/Potassium voltage-gated channel subfamily D member 3"	"Q9UK17|Q9NS61"	"PROTEIN COMPLEX"	"Homo sapiens"	"9"	"9"	"9606"	"False"
"CHEMBL4106135"	"RyR1/FKBP12"	"P21817|P62942"	"PROTEIN COMPLEX"	"Homo sapiens"	"29"	"34"	"9606"	"False"
"CHEMBL4748229"	"VHL/Bcl-2-like protein 1"	"Q07817|P40337"	"PROTEIN-PROTEIN INTERACTION"	"Homo sapiens"	"44"	"79"	"9606"	"False"
"CHEMBL5772"	"Polycystin-1"	"P98161"	"SINGLE PROTEIN"	"Homo sapiens"	"16"	"27"	"9606"	"False"
"CHEMBL4523662"	"TRPC3/TRPC6"	"Q9Y210|Q13507"	"PROTEIN COMPLEX"	"Homo sapiens"	"1"	"1"	"9606"	"False"
"CHEMBL4523705"	"Protein cereblon/Bcl-2-like protein 1"	"Q07817|Q96SW2"	"PROTEIN-PROTEIN INTERACTION"	"Homo sapiens"	"4"	"8"	"9606"	"False"
"CHEMBL3561"	"GABA receptor rho-1 subunit"	"P24046"	"SINGLE PROTEIN"	"Homo sapiens"	"135"	"233"	"9606"	"False"
"CHEMBL3885576"	"Gamma-aminobutyric acid receptor subunit alpha-5/beta-2"	"P47870|P31644"	"PROTEIN COMPLEX"	"Homo sapiens"	"3"	"6"	"9606"	"False"
"CHEMBL3708"	"Presenilin 2"	"P49810"	"SINGLE PROTEIN"	"Homo sapiens"	"9"	"10"	"9606"	"False"
"CHEMBL3038505"	"Ionotropic glutamate receptor NMDA 1/2D"	"Q05586|O15399"	"PROTEIN COMPLEX"	"Homo sapiens"	"13"	"23"	"9606"	"False"
"CHEMBL4478"	"Voltage-gated N-type calcium channel alpha-1B subunit"	"Q00975"	"SINGLE PROTEIN"	"Homo sapiens"	"677"	"820"	"9606"	"False"
"CHEMBL2363032"	"Voltage-gated calcium channel"	"O95180|P54289|Q13936|Q8IZS8|Q13698|Q9NY47|Q01668|O00555|Q00975|O43497|Q7Z3S7|Q9P0X4|O60840|Q15878|O00305|Q08289|Q02641|P54284|P62955|Q9UF02|Q9Y698|Q9UBN1|Q8WXS5|O60359|Q9BXT2|Q06432"	"PROTEIN COMPLEX GROUP"	"Homo sapiens"	"129"	"146"	"9606"	"False"
"CHEMBL1075319"	"Transient receptor potential cation channel subfamily M member 8"	"Q7Z2W7"	"SINGLE PROTEIN"	"Homo sapiens"	"881"	"1169"	"9606"	"False"
"CHEMBL3576"	"Voltage-gated potassium channel subunit Kv7.4"	"P56696"	"SINGLE PROTEIN"	"Homo sapiens"	"72"	"100"	"9606"	"False"
"CHEMBL2095190"	"GABA-A receptor; alpha-6/beta-3/gamma-2"	"P18507|P28472|Q16445"	"PROTEIN COMPLEX"	"Homo sapiens"	"243"	"367"	"9606"	"False"
"CHEMBL4625"	"Apoptosis regulator Bcl-X"	"Q07817"	"SINGLE PROTEIN"	"Homo sapiens"	"1840"	"2616"	"9606"	"False"
"CHEMBL3885573"	"Gamma-aminobutyric acid receptor subunit alpha-3/ beta-3/gamma-3"	"P28472|Q99928|P34903"	"PROTEIN COMPLEX"	"Homo sapiens"	"1"	"2"	"9606"	"False"
"CHEMBL1250402"	"Transient receptor potential cation channel subfamily M member 2"	"O94759"	"SINGLE PROTEIN"	"Homo sapiens"	"209"	"348"	"9606"	"False"
"CHEMBL1866"	"Voltage-gated potassium channel subunit Kv7.1"	"P51787"	"SINGLE PROTEIN"	"Homo sapiens"	"110"	"150"	"9606"	"False"
"CHEMBL4888461"	"Stromal interaction molecule 1/Protein orai-3"	"Q9BRQ5|Q13586"	"PROTEIN COMPLEX"	"Homo sapiens"	"1"	"1"	"9606"	"False"
"CHEMBL1907594"	"Neuronal acetylcholine receptor; alpha3/beta4"	"P30926|P32297"	"PROTEIN COMPLEX"	"Homo sapiens"	"1170"	"2345"	"9606"	"False"
"CHEMBL2925"	"Voltage-gated potassium channel subunit Kv7.5"	"Q9NR82"	"SINGLE PROTEIN"	"Homo sapiens"	"38"	"49"	"9606"	"False"
"CHEMBL1907603"	"Glutamate NMDA receptor; GRIN1/GRIN2B"	"Q05586|Q13224"	"PROTEIN COMPLEX"	"Homo sapiens"	"520"	"775"	"9606"	"False"
"CHEMBL4860"	"Apoptosis regulator Bcl-2"	"P10415"	"SINGLE PROTEIN"	"Homo sapiens"	"2683"	"3801"	"9606"	"False"
"CHEMBL2109237"	"Neuronal acetylcholine receptor; alpha6/beta2"	"P17787|Q15825"	"PROTEIN COMPLEX"	"Homo sapiens"	"12"	"12"	"9606"	"False"
"CHEMBL2094132"	"Serotonin 3 (5-HT3) receptor"	"P46098|A5X5Y0|O95264|Q70Z44|Q8WXA8"	"PROTEIN COMPLEX GROUP"	"Homo sapiens"	"453"	"620"	"9606"	"False"
"CHEMBL5318"	"Apoptosis regulator BAX"	"Q07812"	"SINGLE PROTEIN"	"Homo sapiens"	"50"	"78"	"9606"	"False"
"CHEMBL4630762"	"Sodium channel protein type 4 subunit alpha/beta-1/beta-2"	"P35499|O60939|Q07699"	"PROTEIN COMPLEX"	"Homo sapiens"	"1"	"2"	"9606"	"False"
"CHEMBL3885577"	"Gamma-aminobutyric acid receptor subunit alpha-5/beta-3/gamma-3"	"P28472|Q99928|P31644"	"PROTEIN COMPLEX"	"Homo sapiens"	"1"	"1"	"9606"	"False"
"CHEMBL2311231"	"Vesicle-fusing ATPase"	"P46459"	"SINGLE PROTEIN"	"Homo sapiens"	"5"	"5"	"9606"	"False"
"CHEMBL2363017"	"Potassium voltage-gated channel subfamily H member 3"	"Q9ULD8"	"SINGLE PROTEIN"	"Homo sapiens"	"111"	"112"	"9606"	"False"
"CHEMBL2401603"	"H(+)/Cl(-) exchange transporter 3"	"P51790"	"SINGLE PROTEIN"	"Homo sapiens"	"5"	"23"	"9606"	"False"
"CHEMBL2375"	"GABA receptor rho-2 subunit"	"P28476"	"SINGLE PROTEIN"	"Homo sapiens"	"9"	"11"	"9606"	"False"
"CHEMBL3885508"	"Nicotinic acetylcholine receptor alpha-1/beta-1"	"P02708|P11230"	"PROTEIN COMPLEX"	"Homo sapiens"	"14"	"15"	"9606"	"False"
"CHEMBL3988636"	"Voltage-gated potassium channel subfamily A member 1/beta-1"	"Q09470|Q14722"	"PROTEIN COMPLEX"	"Homo sapiens"	"21"	"22"	"9606"	"False"
"CHEMBL4523244"	"Aquaporin-5"	"P55064"	"SINGLE PROTEIN"	"Homo sapiens"	"1"	"1"	"9606"	"False"
"CHEMBL3591"	"GABA receptor delta subunit"	"O14764"	"SINGLE PROTEIN"	"Homo sapiens"	"1"	"1"	"9606"	"False"
"CHEMBL5964"	"Aquaporin-4"	"P55087"	"SINGLE PROTEIN"	"Homo sapiens"	"10"	"34"	"9606"	"False"
"CHEMBL3885514"	"Apoptosis regulator BAX/Bcl-2-related protein A1"	"Q07812|Q16548"	"PROTEIN-PROTEIN INTERACTION"	"Homo sapiens"	"1"	"1"	"9606"	"False"
"CHEMBL1628469"	"Transient receptor potential cation channel subfamily M member 4"	"Q8TD43"	"SINGLE PROTEIN"	"Homo sapiens"	"30"	"31"	"9606"	"False"
"CHEMBL2531"	"P2X purinoceptor 2"	"Q9UBL9"	"SINGLE PROTEIN"	"Homo sapiens"	"137"	"190"	"9606"	"False"
"CHEMBL3885595"	"Integrin alpha-5/Neuronal acetylcholine receptor subunit alpha-3/Neuronal acetylcholine receptor subunit beta-2/Neuronal acetylcholine receptor subunit beta-4"	"P17787|P30926|P32297|P08648"	"PROTEIN COMPLEX"	"Homo sapiens"	"13"	"25"	"9606"	"False"
"CHEMBL4523670"	"SCN9A/SCN1B"	"Q15858|Q07699"	"PROTEIN COMPLEX"	"Homo sapiens"	"5"	"5"	"9606"	"False"
"CHEMBL6190"	"Voltage-dependent anion-selective channel protein 2"	"P45880"	"SINGLE PROTEIN"	"Homo sapiens"	"4"	"6"	"9606"	"False"
"CHEMBL4523611"	"KCNQ4/KCNQ5"	"Q9NR82|P56696"	"PROTEIN COMPLEX"	"Homo sapiens"	"22"	"22"	"9606"	"False"
"CHEMBL5962"	"Phospholipid transfer protein"	"P55058"	"SINGLE PROTEIN"	"Homo sapiens"	"46"	"94"	"9606"	"False"
"CHEMBL4523685"	"Protein cereblon/Apoptosis regulator Bcl-2"	"P10415|Q96SW2"	"PROTEIN-PROTEIN INTERACTION"	"Homo sapiens"	"15"	"74"	"9606"	"False"
"CHEMBL4523157"	"Potassium channel subfamily K member 5"	"O95279"	"SINGLE PROTEIN"	"Homo sapiens"	"2"	"4"	"9606"	"False"
"CHEMBL4205"	"Voltage-gated potassium channel subunit Kv1.4"	"P22459"	"SINGLE PROTEIN"	"Homo sapiens"	"23"	"24"	"9606"	"False"
"CHEMBL2109242"	"GABA-C receptor"	"P28476|A8MPY1|P24046"	"PROTEIN COMPLEX GROUP"	"Homo sapiens"	"14"	"14"	"9606"	"False"
"CHEMBL4296111"	"GRIA1/CACNG2"	"P42261|Q9Y698"	"PROTEIN COMPLEX"	"Homo sapiens"	"32"	"35"	"9606"	"False"
"CHEMBL3885572"	"Gamma-aminobutyric acid receptor subunit alpha-3/ beta-2"	"P47870|P34903"	"PROTEIN COMPLEX"	"Homo sapiens"	"3"	"6"	"9606"	"False"
"CHEMBL3895"	"Serotonin 3b (5-HT3b) receptor"	"O95264"	"SINGLE PROTEIN"	"Homo sapiens"	"2"	"10"	"9606"	"False"
"CHEMBL2227"	"Proenkephalin B"	"P01213"	"SINGLE PROTEIN"	"Homo sapiens"	"1"	"1"	"9606"	"False"
"CHEMBL2363009"	"Potassium voltage-gated channel subfamily C member 2"	"Q96PR1"	"SINGLE PROTEIN"	"Homo sapiens"	"12"	"22"	"9606"	"False"
"CHEMBL3038476"	"ORAI 1/2/3"	"Q96D31|Q96SN7|Q9BRQ5"	"PROTEIN FAMILY"	"Homo sapiens"	"41"	"82"	"9606"	"False"
"CHEMBL1920"	"GABA receptor beta-2 subunit"	"P47870"	"SINGLE PROTEIN"	"Homo sapiens"	"2"	"2"	"9606"	"False"
"CHEMBL4296083"	"Short transient receptor potential channel 1 & 3/Stromal interaction molecule 1/Calcium release-activated calcium channel protein 1"	"Q96D31|Q13507|Q13586|P48995"	"PROTEIN COMPLEX"	"Homo sapiens"	"36"	"72"	"9606"	"False"
"CHEMBL5303741"	"Gamma-aminobutyric acid receptor subunit alpha-1/alpha-2/beta-2/gamma-2"	"P14867|P47870|P18507|P47869"	"PROTEIN COMPLEX"	"Homo sapiens"	"725"	"1034"	"9606"	"False"
"CHEMBL5368"	"Amiloride-sensitive cation channel 3"	"Q9UHC3"	"SINGLE PROTEIN"	"Homo sapiens"	"126"	"217"	"9606"	"False"
"CHEMBL2321618"	"Potassium voltage-gated channel subfamily B member 2"	"Q92953"	"SINGLE PROTEIN"	"Homo sapiens"	"2"	"2"	"9606"	"False"
"CHEMBL4106145"	"Nicotinic acetylcholine receptor alpha-1/beta-1/delta/epsilon"	"P02708|P11230|Q07001|Q04844"	"PROTEIN COMPLEX"	"Homo sapiens"	"32"	"33"	"9606"	"False"
"CHEMBL2111451"	"Inositol 1,4,5-trisphosphate receptor"	"Q14571|Q14573|Q14643"	"PROTEIN FAMILY"	"Homo sapiens"	"6"	"13"	"9606"	"False"
"CHEMBL2104"	"P2X purinoceptor 4"	"Q99571"	"SINGLE PROTEIN"	"Homo sapiens"	"314"	"516"	"9606"	"False"
"CHEMBL1882"	"Neuronal acetylcholine receptor protein alpha-4 subunit"	"P43681"	"SINGLE PROTEIN"	"Homo sapiens"	"1252"	"1265"	"9606"	"False"
"CHEMBL3559708"	"Transient receptor potential cation channel subfamily M member 3"	"Q9HCF6"	"SINGLE PROTEIN"	"Homo sapiens"	"2"	"2"	"9606"	"False"
"CHEMBL4295971"	"Short transient receptor potential channel 4"	"Q9UBN4"	"SINGLE PROTEIN"	"Homo sapiens"	"14"	"17"	"9606"	"False"
"CHEMBL2111339"	"GABA A receptor alpha-3/beta-2/gamma-2"	"P47870|P18507|P34903"	"PROTEIN COMPLEX"	"Homo sapiens"	"71"	"101"	"9606"	"False"
"CHEMBL5480"	"Perforin-1"	"P14222"	"SINGLE PROTEIN"	"Homo sapiens"	"388"	"570"	"9606"	"False"
"CHEMBL2363000"	"Potassium voltage-gated channel subfamily B member 1"	"Q14721"	"SINGLE PROTEIN"	"Homo sapiens"	"8"	"8"	"9606"	"False"
"CHEMBL3572"	"Cholesteryl ester transfer protein"	"P11597"	"SINGLE PROTEIN"	"Homo sapiens"	"1549"	"2424"	"9606"	"False"
"CHEMBL1293243"	"MCOLN3 protein"	"Q8TDD5"	"SINGLE PROTEIN"	"Homo sapiens"	"281"	"319"	"9606"	"False"
"CHEMBL1764938"	"Annexin A2"	"P07355"	"SINGLE PROTEIN"	"Homo sapiens"	"7"	"15"	"9606"	"False"
"CHEMBL4296044"	"Gamma-aminobutyric acid receptor subunit alpha-1/beta-2/delta"	"P14867|P47870|O14764"	"PROTEIN COMPLEX"	"Homo sapiens"	"12"	"28"	"9606"	"False"
"CHEMBL2363052"	"Glycine receptor (alpha-1/beta)"	"P23415|P48167"	"PROTEIN COMPLEX"	"Homo sapiens"	"50"	"119"	"9606"	"False"
"CHEMBL2058"	"B-lymphocyte antigen CD20"	"P11836"	"SINGLE PROTEIN"	"Homo sapiens"	""	""	"9606"	"False"
"CHEMBL4770"	"Potassium channel, inwardly rectifying, subfamily J, member 8"	"Q15842"	"SINGLE PROTEIN"	"Homo sapiens"	""	""	"9606"	"False"
"CHEMBL2364160"	"Vesicle-associated membrane protein 2"	"P63027"	"SINGLE PROTEIN"	"Homo sapiens"	""	""	"9606"	"False"
"CHEMBL2095198"	"Sulfonylurea receptor 2, Kir6.2"	"Q14654|O60706"	"PROTEIN COMPLEX"	"Homo sapiens"	"119"	"426"	"9606"	"False"
"CHEMBL2093872"	"GABA-A receptor; anion channel"	"P14867|P47870|P18507|P28472|P48169|Q99928|Q9UN88|P34903|O00591|O14764|Q8N1C3|P18505|P78334|P47869|P31644|Q16445"	"PROTEIN COMPLEX GROUP"	"Homo sapiens"	"755"	"991"	"9606"	"False"
"CHEMBL2591"	"Glutamate [NMDA] receptor subunit epsilon 4"	"O15399"	"SINGLE PROTEIN"	"Homo sapiens"	"24"	"29"	"9606"	"False"
"CHEMBL4558"	"GABA receptor beta-1 subunit"	"P18505"	"SINGLE PROTEIN"	"Homo sapiens"	"5"	"7"	"9606"	"False"
"CHEMBL1628477"	"Amiloride-sensitive cation channel 2, neuronal"	"P78348"	"SINGLE PROTEIN"	"Homo sapiens"	"21"	"57"	"9606"	"False"
"CHEMBL3885559"	"Cystic fibrosis transmembrane conductance regulator/Golgi-associated PDZ and coiled-coil motif-containing protein"	"P13569|Q9HD26"	"PROTEIN-PROTEIN INTERACTION"	"Homo sapiens"	"33"	"34"	"9606"	"False"
"CHEMBL2670"	"P2X purinoceptor 6"	"O15547"	"SINGLE PROTEIN"	"Homo sapiens"	"3"	"3"	"9606"	"False"
"CHEMBL4109"	"Glutamate [NMDA] receptor subunit epsilon 3"	"Q14957"	"SINGLE PROTEIN"	"Homo sapiens"	"47"	"50"	"9606"	"False"
"CHEMBL5169264"	"BCL2/BCL2L11"	"P10415|O43521"	"PROTEIN-PROTEIN INTERACTION"	"Homo sapiens"	"33"	"33"	"9606"	"False"
"CHEMBL4523638"	"Gamma-aminobutyric acid receptor subunit alpha-1/gamma-2"	"P14867|P18507"	"PROTEIN COMPLEX"	"Homo sapiens"	"1"	"1"	"9606"	"False"
"CHEMBL1628474"	"Transient receptor potential cation channel subfamily V member 5"	"Q9NQA5"	"SINGLE PROTEIN"	"Homo sapiens"	"4"	"4"	"9606"	"False"
"CHEMBL2109236"	"Neuronal acetylcholine receptor; alpha2/beta2"	"P17787|Q15822"	"PROTEIN COMPLEX"	"Homo sapiens"	"22"	"25"	"9606"	"False"
"CHEMBL4524133"	"Nicotinic Acetylcholine Receptor"	"P02708|P07510|P11230|P17787|P30926|P32297|P43681|Q07001|Q15822|Q9UGM1|Q15825|P30532|Q04844|P36544|Q9GZZ6|Q05901"	"PROTEIN COMPLEX GROUP"	"Homo sapiens"	"2"	"2"	"9606"	"False"
"CHEMBL1907589"	"Neuronal acetylcholine receptor; alpha4/beta2"	"P17787|P43681"	"PROTEIN COMPLEX"	"Homo sapiens"	"1875"	"4043"	"9606"	"False"
"CHEMBL3038495"	"Calcium-activated potassium channel alpha/beta 1"	"Q12791|Q16558"	"PROTEIN COMPLEX"	"Homo sapiens"	"8"	"32"	"9606"	"False"
"CHEMBL4956"	"GABA receptor alpha-2 subunit"	"P47869"	"SINGLE PROTEIN"	"Homo sapiens"	"188"	"274"	"9606"	"False"
"CHEMBL2363063"	"KCNQ (Kv7) potassium channel"	"P51787|O43526|O43525|Q9NR82|P56696"	"PROTEIN FAMILY"	"Homo sapiens"	""	""	"9606"	"False"
"CHEMBL3707192"	"Voltage-gated potassium channel KCNQ3/KCNQ4"	"O43525|P56696"	"PROTEIN COMPLEX"	"Homo sapiens"	""	""	"9606"	"False"
"CHEMBL4187"	"Sodium channel protein type II alpha subunit"	"Q99250"	"SINGLE PROTEIN"	"Homo sapiens"	"285"	"511"	"9606"	"False"
"CHEMBL2321613"	"Potassium channel subfamily K member 3"	"O14649"	"SINGLE PROTEIN"	"Homo sapiens"	"608"	"756"	"9606"	"False"
"CHEMBL4805"	"P2X purinoceptor 7"	"Q99572"	"SINGLE PROTEIN"	"Homo sapiens"	"3875"	"5745"	"9606"	"False"
"CHEMBL2096904"	"Serotonin (5-HT) receptor"	"P30939|P41595|Q13639|P28222|P46098|P08908|P28221|P28223|P28335|P28566|P34969|P50406|P47898|A5X5Y0|O95264|Q70Z44|Q8WXA8"	"PROTEIN FAMILY"	"Homo sapiens"	"46"	"68"	"9606"	"False"
"CHEMBL3883285"	"Bcl-xL/BH3-interacting domain death agonist"	"Q07817|P55957"	"PROTEIN-PROTEIN INTERACTION"	"Homo sapiens"	"15"	"15"	"9606"	"False"
"CHEMBL3137272"	"Nicotinic acetylcholine receptor alpha3/beta2/alpha5"	"P17787|P32297|P30532"	"PROTEIN COMPLEX"	"Homo sapiens"	"2"	"2"	"9606"	"False"
"CHEMBL4523224"	"Aquaporin-2"	"P41181"	"SINGLE PROTEIN"	"Homo sapiens"	"4"	"7"	"9606"	"False"
"CHEMBL5163"	"Sodium channel protein type III alpha subunit"	"Q9NY46"	"SINGLE PROTEIN"	"Homo sapiens"	"179"	"275"	"9606"	"False"
"CHEMBL5451"	"Sodium channel protein type X alpha subunit"	"Q9Y5Y9"	"SINGLE PROTEIN"	"Homo sapiens"	"362"	"493"	"9606"	"False"
"CHEMBL5522"	"Transient receptor potential cation channel subfamily V member 3"	"Q8NET8"	"SINGLE PROTEIN"	"Homo sapiens"	"512"	"561"	"9606"	"False"
"CHEMBL5202"	"Sodium channel protein type VIII alpha subunit"	"Q9UQD0"	"SINGLE PROTEIN"	"Homo sapiens"	"138"	"250"	"9606"	"False"
"CHEMBL3038461"	"Nicotinic acetylcholine receptor alpha4/beta2/alpha5"	"P17787|P43681|P30532"	"PROTEIN COMPLEX"	"Homo sapiens"	"52"	"114"	"9606"	"False"
"CHEMBL1859"	"Voltage-gated T-type calcium channel alpha-1H subunit"	"O95180"	"SINGLE PROTEIN"	"Homo sapiens"	"1820"	"1997"	"9606"	"False"
"CHEMBL4794"	"Vanilloid receptor"	"Q8NER1"	"SINGLE PROTEIN"	"Homo sapiens"	"5541"	"8532"	"9606"	"False"
"CHEMBL1628484"	"Amiloride-sensitive sodium channel subunit gamma"	"P51170"	"SINGLE PROTEIN"	"Homo sapiens"	"6"	"6"	"9606"	"False"
"CHEMBL5885"	"Potassium voltage-gated channel subfamily D member 2"	"Q9NZV8"	"SINGLE PROTEIN"	"Homo sapiens"	"12"	"12"	"9606"	"False"
"CHEMBL4106164"	"L-type calcium channel alpha-1c/beta-2/alpha2delta-1"	"P54289|Q13936|Q08289"	"PROTEIN COMPLEX"	"Homo sapiens"	"6"	"14"	"9606"	"False"
"CHEMBL4138"	"Voltage-gated L-type calcium channel alpha-1D subunit"	"Q01668"	"SINGLE PROTEIN"	"Homo sapiens"	"32"	"39"	"9606"	"False"
"CHEMBL1687682"	"Voltage-dependent R-type calcium channel subunit alpha-1E"	"Q15878"	"SINGLE PROTEIN"	"Homo sapiens"	"1"	"1"	"9606"	"False"
"CHEMBL3684"	"Glutamate receptor ionotropic kainate 3"	"Q13003"	"SINGLE PROTEIN"	"Homo sapiens"	"43"	"50"	"9606"	"False"
"CHEMBL4888450"	"Protein orai-2/Stromal interaction molecule 1"	"Q96SN7|Q13586"	"PROTEIN COMPLEX"	"Homo sapiens"	"1"	"1"	"9606"	"False"
"CHEMBL4523210"	"Aquaporin-1"	"P29972"	"SINGLE PROTEIN"	"Homo sapiens"	"12"	"12"	"9606"	"False"
"CHEMBL2384891"	"Calcium release-activated calcium channel protein 1"	"Q96D31"	"SINGLE PROTEIN"	"Homo sapiens"	"116"	"150"	"9606"	"False"
"CHEMBL1883"	"Neuronal acetylcholine receptor protein beta-2 subunit"	"P17787"	"SINGLE PROTEIN"	"Homo sapiens"	"2"	"2"	"9606"	"False"
"CHEMBL4524012"	"P2X receptor"	"P51575|Q99571|Q9UBL9|O15547|P56373|Q99572|Q93086"	"PROTEIN FAMILY"	"Homo sapiens"	"1"	"1"	"9606"	"False"
"CHEMBL2363011"	"Potassium voltage-gated channel subfamily H member 6"	"Q9H252"	"SINGLE PROTEIN"	"Homo sapiens"	"1"	"1"	"9606"	"False"
"CHEMBL5483086"	"Glutamate NMDA receptor; GRIN1/GRIN2A/GRIN2B"	"Q05586|Q12879|Q13224"	"PROTEIN COMPLEX"	"Homo sapiens"	"1"	"1"	"9606"	"False"
"CHEMBL4630765"	"Sodium channel protein type 9 subunit alpha/beta-1/beta-2"	"Q15858|O60939|Q07699"	"PROTEIN COMPLEX"	"Homo sapiens"	"46"	"47"	"9606"	"False"
"CHEMBL2094120"	"GABA-A receptor; alpha-3/beta-3/gamma-2"	"P18507|P28472|P34903"	"PROTEIN COMPLEX"	"Homo sapiens"	"740"	"1250"	"9606"	"False"
"CHEMBL3137273"	"Nicotinic acetylcholine receptor alpha3/beta4/alpha5"	"P30926|P32297|P30532"	"PROTEIN COMPLEX"	"Homo sapiens"	"3"	"3"	"9606"	"False"
"CHEMBL4106157"	"GABA-A receptor alpha-4/beta-3/delta"	"P28472|P48169|Q06278"	"PROTEIN COMPLEX"	"Homo sapiens"	"21"	"21"	"9606"	"False"
"CHEMBL2484"	"Acetylcholine receptor protein epsilon chain"	"Q04844"	"SINGLE PROTEIN"	"Homo sapiens"	"81"	"95"	"9606"	"False"
"CHEMBL1628462"	"Cation channel sperm-associated protein 1"	"Q8NEC5"	"SINGLE PROTEIN"	"Homo sapiens"	"11"	"15"	"9606"	"False"
"CHEMBL3883287"	"Bcl-xL/Bcl-2-like protein 11"	"Q07817|O43521"	"PROTEIN-PROTEIN INTERACTION"	"Homo sapiens"	"50"	"53"	"9606"	"False"
"CHEMBL4296064"	"Gamma-aminobutyric acid receptor subunit alpha-2/beta-3"	"P28472|P47869"	"PROTEIN COMPLEX"	"Homo sapiens"	"1"	"1"	"9606"	"False"
"CHEMBL1628478"	"Chloride channel protein 2"	"P51788"	"SINGLE PROTEIN"	"Homo sapiens"	""	""	"9606"	"False"
"CHEMBL2773"	"Voltage-gated potassium channel subunit Kv1.7"	"Q96RP8"	"SINGLE PROTEIN"	"Homo sapiens"	"2"	"2"	"9606"	"False"
"CHEMBL1914277"	"G protein-activated inward rectifier potassium channel 1"	"P48549"	"SINGLE PROTEIN"	"Homo sapiens"	"3"	"3"	"9606"	"False"
"CHEMBL5279"	"Voltage-gated potassium channel subunit Kv1.6"	"P17658"	"SINGLE PROTEIN"	"Homo sapiens"	"20"	"20"	"9606"	"False"
"CHEMBL3885570"	"Gamma-aminobutyric acid receptor subunit alpha-1/ beta-1"	"P14867|P18505"	"PROTEIN COMPLEX"	"Homo sapiens"	"4"	"5"	"9606"	"False"
"CHEMBL5169266"	"BCL2/BAD"	"Q92934|P10415"	"PROTEIN-PROTEIN INTERACTION"	"Homo sapiens"	"1"	"1"	"9606"	"False"
"CHEMBL2184"	"Neuronal acetylcholine receptor protein alpha-9 subunit"	"Q9UGM1"	"SINGLE PROTEIN"	"Homo sapiens"	"1"	"1"	"9606"	"False"
"CHEMBL4942"	"P2X purinoceptor 5"	"Q93086"	"SINGLE PROTEIN"	"Homo sapiens"	"50"	"52"	"9606"	"False"
"CHEMBL4296084"	"Stromal interaction molecule 1 & 2/Calcium release-activated calcium channel protein 1"	"Q96D31|Q13586|Q9P246"	"PROTEIN COMPLEX"	"Homo sapiens"	"2"	"2"	"9606"	"False"
"CHEMBL2109243"	"GABA-A receptor; benzodiazepine site"	"P14867|P18507|P48169|Q99928|P34903|Q8N1C3|P47869|P31644|Q16445"	"PROTEIN COMPLEX GROUP"	"Homo sapiens"	"1"	"3"	"9606"	"False"
"CHEMBL2406895"	"G protein-activated inward rectifier potassium channel 2"	"P48051"	"SINGLE PROTEIN"	"Homo sapiens"	"13"	"13"	"9606"	"False"
"CHEMBL3137285"	"Nicotinic acetylcholine receptor alpha6/alpha3/beta4"	"P30926|P32297|Q15825"	"PROTEIN COMPLEX"	"Homo sapiens"	"66"	"153"	"9606"	"False"
"CHEMBL3430899"	"Gamma-aminobutyric acid receptor subunit alpha-4/beta3/delta"	"P28472|P48169|O14764"	"PROTEIN COMPLEX"	"Homo sapiens"	"21"	"21"	"9606"	"False"
"CHEMBL4106144"	"Glycine receptor alpha-3/beta"	"O75311|P48167"	"PROTEIN COMPLEX"	"Homo sapiens"	"213"	"286"	"9606"	"False"
"CHEMBL2094"	"P2X purinoceptor 1"	"P51575"	"SINGLE PROTEIN"	"Homo sapiens"	"200"	"329"	"9606"	"False"
"CHEMBL2476"	"Voltage-gated potassium channel subunit Kv7.2"	"O43526"	"SINGLE PROTEIN"	"Homo sapiens"	"199"	"339"	"9606"	"False"
"CHEMBL2221348"	"Voltage-gated potassium channel, KQT; KCNQ2(Kv7.2)/KCNQ3(Kv7.3)"	"O43526|O43525"	"PROTEIN COMPLEX"	"Homo sapiens"	"246"	"375"	"9606"	"False"
"CHEMBL3885581"	"Glutamate receptor AMPA 3/4"	"P48058|P42263"	"PROTEIN COMPLEX"	"Homo sapiens"	"3"	"3"	"9606"	"False"
"CHEMBL4106160"	"N-type calcium channel alpha-1b/alpha2delta-1/beta-1b"	"P54289|Q00975|Q02641"	"PROTEIN COMPLEX"	"Homo sapiens"	"50"	"50"	"9606"	"False"
"CHEMBL2109234"	"Neuronal acetylcholine receptor; alpha3/beta2"	"P17787|P32297"	"PROTEIN COMPLEX"	"Homo sapiens"	"123"	"156"	"9606"	"False"
"CHEMBL1795172"	"Potassium/sodium hyperpolarization-activated cyclic nucleotide-gated channel 2"	"Q9UL51"	"SINGLE PROTEIN"	"Homo sapiens"	"7"	"7"	"9606"	"False"
"CHEMBL4523671"	"SCN8A/SCN1B"	"Q9UQD0|Q07699"	"PROTEIN COMPLEX"	"Homo sapiens"	"27"	"27"	"9606"	"False"
"CHEMBL3832644"	"ORAI1/STIM1"	"Q96D31|Q13586"	"PROTEIN COMPLEX"	"Homo sapiens"	"197"	"242"	"9606"	"False"
"CHEMBL1795171"	"Potassium/sodium hyperpolarization-activated cyclic nucleotide-gated channel 1"	"O60741"	"SINGLE PROTEIN"	"Homo sapiens"	"36"	"36"	"9606"	"False"
"CHEMBL1628465"	"Transient receptor potential cation channel subfamily V member 6"	"Q9H1D0"	"SINGLE PROTEIN"	"Homo sapiens"	"75"	"136"	"9606"	"False"
"CHEMBL240"	"HERG"	"Q12809"	"SINGLE PROTEIN"	"Homo sapiens"	"23427"	"30567"	"9606"	"False"
"CHEMBL2096682"	"Sodium channel alpha subunits; brain (Types I, II, III)"	"P35498|Q99250|Q9NY46"	"PROTEIN FAMILY"	"Homo sapiens"	"212"	"374"	"9606"	"False"
"CHEMBL2096670"	"Glutamate receptor ionotropic AMPA"	"P48058|P42263|P42262|P42261"	"PROTEIN COMPLEX GROUP"	"Homo sapiens"	"193"	"284"	"9606"	"False"
"CHEMBL2086"	"Voltage-gated potassium channel subunit Kv1.2"	"P16389"	"SINGLE PROTEIN"	"Homo sapiens"	"27"	"28"	"9606"	"False"
"CHEMBL5167"	"Sodium channel protein type XI alpha subunit"	"Q9UI33"	"SINGLE PROTEIN"	"Homo sapiens"	"13"	"15"	"9606"	"False"
"CHEMBL2146349"	"Inward rectifier potassium channel 13"	"O60928"	"SINGLE PROTEIN"	"Homo sapiens"	"9"	"9"	"9606"	"False"
"CHEMBL4523661"	"TRPC4/TRPC1"	"Q9UBN4|P48995"	"PROTEIN COMPLEX"	"Homo sapiens"	"7"	"20"	"9606"	"False"
"CHEMBL3883294"	"Glutamate receptor AMPA 1/2"	"P42262|P42261"	"PROTEIN COMPLEX"	"Homo sapiens"	"12"	"26"	"9606"	"False"
"CHEMBL2094121"	"GABA-A receptor; alpha-1/beta-3/gamma-2"	"P14867|P18507|P28472"	"PROTEIN COMPLEX"	"Homo sapiens"	"904"	"1569"	"9606"	"False"
"CHEMBL4523433"	"Potassium channel subfamily K member 17"	"Q96T54"	"SINGLE PROTEIN"	"Homo sapiens"	"2"	"2"	"9606"	"False"
"CHEMBL3988640"	"Voltage-dependent P/Q-type calcium channel alpha1A/alpha2delta/beta1b"	"P54289|O00555|Q02641"	"PROTEIN COMPLEX"	"Homo sapiens"	"6"	"6"	"9606"	"False"
"CHEMBL4523660"	"TRPC1/TRPC5"	"Q9UL62|P48995"	"PROTEIN COMPLEX"	"Homo sapiens"	"2"	"2"	"9606"	"False"
"CHEMBL4106151"	"GABA-A receptor alpha-1/beta-3"	"P14867|P28472"	"PROTEIN COMPLEX"	"Homo sapiens"	"11"	"12"	"9606"	"False"
"CHEMBL3038458"	"Nicotinic acetylcholine receptor alpha2/beta2"	"P02708|P17787"	"PROTEIN COMPLEX"	"Homo sapiens"	"15"	"15"	"9606"	"False"
"CHEMBL1980"	"Sodium channel protein type V alpha subunit"	"Q14524"	"SINGLE PROTEIN"	"Homo sapiens"	"2833"	"3548"	"9606"	"False"
"CHEMBL3885571"	"Gamma-aminobutyric acid receptor subunit alpha-2/beta-2"	"P47870|P47869"	"PROTEIN COMPLEX"	"Homo sapiens"	"3"	"6"	"9606"	"False"
"CHEMBL1907604"	"Glutamate NMDA receptor; GRIN1/GRIN2A"	"Q05586|Q12879"	"PROTEIN COMPLEX"	"Homo sapiens"	"430"	"726"	"9606"	"False"
"CHEMBL1914276"	"Inward rectifier potassium channel 2"	"P63252"	"SINGLE PROTEIN"	"Homo sapiens"	"32"	"37"	"9606"	"False"
"CHEMBL4306"	"Voltage-gated potassium channel subunit Kv1.5"	"P22460"	"SINGLE PROTEIN"	"Homo sapiens"	"1133"	"1356"	"9606"	"False"
"CHEMBL4266"	"Voltage-gated P/Q-type calcium channel alpha-1A subunit"	"O00555"	"SINGLE PROTEIN"	"Homo sapiens"	"5"	"5"	"9606"	"False"
"CHEMBL3119"	"Transient receptor potential cation channel subfamily V member 4"	"Q9HBA0"	"SINGLE PROTEIN"	"Homo sapiens"	"646"	"825"	"9606"	"False"
"CHEMBL2331041"	"Potassium channel subfamily K member 10"	"P57789"	"SINGLE PROTEIN"	"Homo sapiens"	"45"	"76"	"9606"	"False"
"CHEMBL1899"	"Serotonin 3a (5-HT3a) receptor"	"P46098"	"SINGLE PROTEIN"	"Homo sapiens"	"3090"	"3589"	"9606"	"False"
"CHEMBL2109238"	"Neuronal acetylcholine receptor; alpha9/alpha10"	"Q9UGM1|Q9GZZ6"	"PROTEIN COMPLEX"	"Homo sapiens"	"170"	"267"	"9606"	"False"
"CHEMBL2095186"	"Sodium/potassium-transporting ATPase"	"P05023|P14415|P05026|P50993|P54709|P13637|Q13733|P54710"	"PROTEIN COMPLEX GROUP"	"Homo sapiens"	"359"	"388"	"9606"	"False"
"CHEMBL2062"	"Ryanodine receptor 3"	"Q15413"	"SINGLE PROTEIN"	"Homo sapiens"	"4"	"8"	"9606"	"False"
"CHEMBL2094135"	"Gamma-secretase"	"Q96BI3|Q9NZ42|Q8WW43|P49768|Q92542|P49810"	"PROTEIN COMPLEX"	"Homo sapiens"	"2862"	"4921"	"9606"	"False"
"CHEMBL2111332"	"Serotonin 3 (5-HT3) receptor"	"P46098|O95264"	"PROTEIN COMPLEX"	"Homo sapiens"	"5"	"7"	"9606"	"False"
"CHEMBL2362997"	"Muscle-type nicotinic acetylcholine receptor"	"P02708|P07510|P11230|Q07001|Q04844"	"PROTEIN COMPLEX GROUP"	"Homo sapiens"	"3"	"3"	"9606"	"False"
"CHEMBL2107836"	"Amiloride-sensitive sodium channel, ENaC"	"P37088|P51168|P51170"	"PROTEIN COMPLEX"	"Homo sapiens"	"10"	"10"	"9606"	"False"
"CHEMBL4016"	"Glutamate receptor ionotropic, AMPA 2"	"P42262"	"SINGLE PROTEIN"	"Homo sapiens"	"455"	"865"	"9606"	"False"
"CHEMBL6007"	"Transient receptor potential cation channel subfamily A member 1"	"O75762"	"SINGLE PROTEIN"	"Homo sapiens"	"1101"	"1931"	"9606"	"False"
"CHEMBL1250417"	"Potassium/sodium hyperpolarization-activated cyclic nucleotide-gated channel 4"	"Q9Y3Q4"	"SINGLE PROTEIN"	"Homo sapiens"	"81"	"92"	"9606"	"False"
"CHEMBL2998"	"P2X purinoceptor 3"	"P56373"	"SINGLE PROTEIN"	"Homo sapiens"	"1861"	"1997"	"9606"	"False"
"CHEMBL2321614"	"Potassium channel subfamily K member 9"	"Q9NPC2"	"SINGLE PROTEIN"	"Homo sapiens"	"131"	"192"	"9606"	"False"
"CHEMBL2492"	"Neuronal acetylcholine receptor protein alpha-7 subunit"	"P36544"	"SINGLE PROTEIN"	"Homo sapiens"	"1982"	"3670"	"9606"	"False"
"CHEMBL4296"	"Sodium channel protein type IX alpha subunit"	"Q15858"	"SINGLE PROTEIN"	"Homo sapiens"	"6642"	"8401"	"9606"	"False"
"CHEMBL4633"	"Voltage-gated potassium channel subunit Kv1.3"	"P22001"	"SINGLE PROTEIN"	"Homo sapiens"	"657"	"1114"	"9606"	"False"
"CHEMBL3068"	"Neuronal acetylcholine receptor subunit alpha-3"	"P32297"	"SINGLE PROTEIN"	"Homo sapiens"	"73"	"93"	"9606"	"False"
"CHEMBL5845"	"Glycine receptor subunit alpha-1"	"P23415"	"SINGLE PROTEIN"	"Homo sapiens"	"157"	"392"	"9606"	"False"
"CHEMBL1972"	"Glutamate [NMDA] receptor subunit epsilon 1"	"Q12879"	"SINGLE PROTEIN"	"Homo sapiens"	"84"	"115"	"9606"	"False"
"CHEMBL2331042"	"Potassium channel subfamily K member 18"	"Q7Z418"	"SINGLE PROTEIN"	"Homo sapiens"	"24"	"30"	"9606"	"False"
"CHEMBL2331043"	"Sodium channel alpha subunit"	"P35498|Q14524|P35499|Q01118|Q99250|Q15858|Q9NY46|Q9UI33|Q9UQD0|Q9Y5Y9"	"PROTEIN FAMILY"	"Homo sapiens"	"25"	"30"	"9606"	"False"
"CHEMBL4304"	"Calcium-activated potassium channel subunit alpha-1"	"Q12791"	"SINGLE PROTEIN"	"Homo sapiens"	"356"	"457"	"9606"	"False"
"CHEMBL1964"	"Voltage-gated potassium channel subunit Kv4.3"	"Q9UK17"	"SINGLE PROTEIN"	"Homo sapiens"	"89"	"101"	"9606"	"False"
"CHEMBL4051"	"Cystic fibrosis transmembrane conductance regulator"	"P13569"	"SINGLE PROTEIN"	"Homo sapiens"	"1189"	"2460"	"9606"	"False"
"CHEMBL2009"	"Glutamate receptor ionotropic, AMPA 1"	"P42261"	"SINGLE PROTEIN"	"Homo sapiens"	"135"	"278"	"9606"	"False"
"CHEMBL2109241"	"Glutamate receptor ionotropic kainate"	"P39086|Q16478|Q16099|Q13002|Q13003"	"PROTEIN COMPLEX GROUP"	"Homo sapiens"	"61"	"68"	"9606"	"False"
"CHEMBL2072"	"Sodium channel protein type IV alpha subunit"	"P35499"	"SINGLE PROTEIN"	"Homo sapiens"	"445"	"593"	"9606"	"False"
"CHEMBL2095229"	"Voltage-gated L-type calcium channel"	"Q13936|Q13698|Q01668|O60840"	"PROTEIN FAMILY"	"Homo sapiens"	"478"	"710"	"9606"	"False"
"CHEMBL2321615"	"Potassium channel subfamily K member 2"	"O95069"	"SINGLE PROTEIN"	"Homo sapiens"	"201"	"490"	"9606"	"False"
"CHEMBL2362995"	"Voltage-gated T-type calcium channel"	"O95180|O43497|Q9P0X4"	"PROTEIN FAMILY"	"Homo sapiens"	"2"	"2"	"9606"	"False"
